<?xml version="1.0" encoding="utf-8"?>
<odoo>
  <data noupdate="1">

    <!-- PRECIOS: cada 4 horas -->
    <record id="cron_argus_prices_every_4h" model="ir.cron">
      <field name="name">[CRON] Argus - Import Prices (4h)</field>
      <field name="model_id" ref="model_argus_price"/>
      <field name="state">code</field>
      <field name="code">model.importar_precios_argus()</field>
      <field name="interval_number">4</field>
      <field name="interval_type">hours</field>
      <field name="nextcall">2025-09-17 01:00:00</field>
      <field name="active">True</field>
    </record>

    <!-- NOTICIAS: cada 4 horas -->
    <record id="cron_argus_news_every_4h" model="ir.cron">
      <field name="name">[CRON] Argus - Import News (4h)</field>
      <field name="model_id" ref="model_api_news"/>
      <field name="state">code</field>
      <field name="code">model.importar_noticias_argus_diarias()</field>
      <field name="interval_number">4</field>
      <field name="interval_type">hours</field>
      <field name="nextcall">2025-09-17 03:00:00</field>
      <field name="active">True</field>
    </record>

  </data>
</odoo>
